pitch_deg,fxO,fyO,fzO,txO,tyO,tzO,ftx,fty,ftz,eex,eey,eez
-1.608001776182041986e+00,-1.018923868680628342e+00,-3.630121049301242020e-01,-6.118530711241583653e+00,1.109470828077701587e-01,-7.960500782399769770e-01,2.572184103169567956e-02,4.312808715623353550e-01,2.629373524232483331e-04,3.178164377014885411e-01,6.010303327838353304e-01,4.301704090891579580e-04,3.174228032069982830e-01
-1.825650954680560156e+00,-1.009269260651931344e+00,-3.253633298987787525e-01,-6.039829349310068096e+00,9.943835658503677455e-02,-7.855261284646195552e-01,2.344978353569025439e-02,4.300749816324762609e-01,2.630158340179360003e-04,3.178117357150833100e-01,5.998244325718693482e-01,4.306155177992175348e-04,3.174138461316884374e-01
-2.039131217840967292e+00,-9.927075919857399899e-01,-3.058500378899406957e-01,-5.919393874430923574e+00,9.351810082683099934e-02,-7.732439185589974340e-01,2.150392006662477443e-02,4.288923288739107664e-01,2.624216585294751863e-04,3.178029286230208972e-01,5.986417556148779795e-01,4.301149865714763102e-04,3.173948844333708275e-01
-2.254963484989468636e+00,-9.733088836230283647e-01,-3.017478108278772719e-01,-5.782651935600788384e+00,9.265535810621852719e-02,-7.554415177472002529e-01,2.174037612986506884e-02,4.276963725619022383e-01,2.618216504508653962e-04,3.177946979333062805e-01,5.974457948919020822e-01,4.296116938082868001e-04,3.173848624386301220e-01
-2.468095063737639094e+00,-9.656315015690226655e-01,-2.873354068689669139e-01,-5.628131505398076939e+00,8.808452441881745032e-02,-7.412274246365317953e-01,2.020682299367964826e-02,4.265154313570144740e-01,2.619061815481938055e-04,3.177742242363093550e-01,5.962648614082139975e-01,4.300633459732676727e-04,3.173677510379527833e-01
-2.727747505935846473e+00,-9.288887479712456541e-01,-2.706140136614020308e-01,-5.714564670921813416e+00,8.352551439925802457e-02,-7.368139061504987986e-01,1.933616850423646588e-02,4.251095067875796940e-01,2.637148928161577185e-04,3.177270661669764351e-01,5.948271107449664141e-01,4.332289542547926092e-04,3.173123804245363555e-01
-2.941867707253767339e+00,-9.625038334041327026e-01,-2.294615846671786974e-01,-5.645973861780770875e+00,7.063681593317312768e-02,-7.418937006477901441e-01,1.561769805557043818e-02,4.238920412476961941e-01,2.646180480499394001e-04,3.176841909130247443e-01,5.936414495060819974e-01,4.346054604843460926e-04,3.172694618358118390e-01
-3.153651193514011908e+00,-9.216424519393723314e-01,-2.201806955966376933e-01,-5.522067863873210136e+00,6.801367963776600023e-02,-7.200009680246726163e-01,1.593976614401046432e-02,4.227191242946494731e-01,2.647624859988617976e-04,3.176443323917599870e-01,5.924685388692481069e-01,4.339825834040090960e-04,3.172318810131899980e-01
-3.371360433736882101e+00,-9.281295839056182828e-01,-1.955520459965546243e-01,-5.563830836281761449e+00,6.007958083933367249e-02,-7.263611550759984103e-01,1.256284595957182261e-02,4.215146809312502740e-01,2.622093799185244386e-04,3.175813886902474348e-01,5.912640811707390309e-01,4.295844437794522040e-04,3.171623374739743761e-01
-3.586673244064289889e+00,-8.974345167936284007e-01,-1.865850957156899859e-01,-5.587052475908343752e+00,5.736963218896999617e-02,-7.174385144076759202e-01,1.208629036512099547e-02,4.203232489138016281e-01,2.610018095296558920e-04,3.175198451821371615e-01,5.900726514589428318e-01,4.270666219483248527e-04,3.171012068588329735e-01
-3.800198609903720381e+00,-8.669623579891059251e-01,-1.744173011745884516e-01,-5.486380089364045531e+00,5.389798608898051235e-02,-7.003411713454319454e-01,1.080483588523729020e-02,4.191417937750052669e-01,2.617230723413239589e-04,3.174596570843583043e-01,5.888911925479451970e-01,4.284182532330253323e-04,3.170397416856482464e-01
-4.054914799228670930e+00,-8.658845245482373887e-01,-1.561036975095430046e-01,-5.470553568698529823e+00,4.815632238085999078e-02,-6.992078123008227397e-01,1.058337665906027882e-02,4.177331098284394750e-01,2.615930154742722143e-04,3.173764036206868644e-01,5.874825016623145268e-01,4.298090751785586545e-04,3.169542953563661558e-01
-4.272411317407469156e+00,-8.625651818483659472e-01,-1.316128081962966989e-01,-5.454816225130791452e+00,4.026538825507516850e-02,-6.973788617162587355e-01,7.968805172914905297e-03,4.165314319716205138e-01,2.652630635748626166e-04,3.172901209154662672e-01,5.862808086329842627e-01,4.353238636877370987e-04,3.168626838992917305e-01
-4.485078608108607590e+00,-8.326090273592474666e-01,-1.162040561087862856e-01,-5.437970416275860863e+00,3.598937543420072799e-02,-6.867149091693468543e-01,6.984273506690372862e-03,4.153562136645896907e-01,2.653030642006240286e-04,3.172048269607472548e-01,5.851055934549913573e-01,4.357285136334948126e-04,3.167787800851985525e-01
-4.701758148316243613e+00,-8.242749551952089915e-01,-1.098548474443233613e-01,-5.407489366887505255e+00,3.377666492142972904e-02,-6.821675440916685762e-01,6.945674911592033401e-03,4.141590254374944990e-01,2.646710201338604677e-04,3.171172000072645103e-01,5.839084058824299817e-01,4.351930172647882917e-04,3.166914526537021324e-01
-4.915026172445090324e+00,-8.074862524737542735e-01,-1.075029712564471995e-01,-5.388184513777146911e+00,3.316694557797921633e-02,-6.754006904352829466e-01,6.870456928963661683e-03,4.129820068743408346e-01,2.634486389371642470e-04,3.170152577141753802e-01,5.827313838134092761e-01,4.326486480310694476e-04,3.165875894373648136e-01
-5.172112755000331852e+00,-8.112458567686928745e-01,-8.408892404000616050e-02,-4.637156367181183292e+00,2.607057453027306071e-02,-6.172797579990979555e-01,4.717933080977706854e-03,4.115501836137717140e-01,2.617751674629383257e-04,3.169470340061286695e-01,5.812998138900441480e-01,4.295618581985744498e-04,3.166349944330524302e-01
-5.381205999820640962e+00,-8.029189903324347455e-01,-4.466471956833192869e-02,-3.807427895881504654e+00,1.386191771782316340e-02,-5.495196041652277152e-01,8.197279177446689094e-04,4.103792728476102214e-01,2.606546828899064354e-04,3.168880000671491226e-01,5.801291284838447915e-01,4.267173238535272887e-04,3.167415942041728050e-01
-5.596292688432257023e+00,-7.672652030464747197e-01,-3.013606472737482417e-02,-4.058535580273552767e+00,9.474816199088322705e-03,-5.581682325227615982e-01,4.252956118714739655e-04,4.091961857870450303e-01,2.616162971193536943e-04,3.167021193862745165e-01,5.789460573718844261e-01,4.277346326384653583e-04,3.165756218402059341e-01
-5.808594073817507919e+00,-7.512878035631609386e-01,-5.225717848298913268e-03,-4.320175480156410508e+00,1.050045184383139717e-03,-5.733745473906475265e-01,-1.883313615668678323e-03,4.080308084506767963e-01,2.642685954871054383e-04,3.165180957505706050e-01,5.777806767968707291e-01,4.325481765701167563e-04,3.163901175008082545e-01
-6.025444780306291825e+00,-7.437240218869771713e-01,-6.521430941848637211e-03,-4.580209031205011883e+00,1.618155427331902096e-03,-5.915398270404570447e-01,-1.640834888100956360e-03,4.068413448754206185e-01,2.645940109718372029e-04,3.163287161288714788e-01,5.765912106624677680e-01,4.333740746397609939e-04,3.161980311274463218e-01
-6.282121887943856287e+00,-7.458251823295785066e-01,-1.040643793285903757e-02,-4.746773620147211936e+00,3.018586469326628961e-03,-6.059682711785996378e-01,-1.411266637270523891e-03,4.054328475498298334e-01,2.638292568935984459e-04,3.161227133654154753e-01,5.751827081857561197e-01,4.327203993479814860e-04,3.159856372345297149e-01
-6.493421092587321475e+00,-7.143783258722765650e-01,1.203690413985453872e-03,-4.849239869163183947e+00,-6.602685469381623911e-04,-6.043685916955988668e-01,-3.615689301715390141e-03,4.042715990087971112e-01,2.628456787019477735e-04,3.159674029027670361e-01,5.740214615624901207e-01,4.328580917968970643e-04,3.158341408235860737e-01
-6.709711276184096462e+00,-6.932415758607545220e-01,7.198755196208237415e-03,-4.868271528845919960e+00,-2.567571672222000115e-03,-5.985199921688497682e-01,-4.189321817893602862e-03,4.030825047121586735e-01,2.625526138702461831e-04,3.158158742194522861e-01,5.728323707953708599e-01,4.316279251120754522e-04,3.156859578205760686e-01
-6.921710409639367789e+00,-6.891662136388178039e-01,1.738818979681655552e-02,-5.007080077227451298e+00,-5.660250411663847458e-03,-6.086295728380581860e-01,-3.894900394846929643e-03,4.019183233578484393e-01,2.619194257231548056e-04,3.156615957405743966e-01,5.716681881513363539e-01,4.310839865746003002e-04,3.155301197204278818e-01
-7.140713142728098539e+00,-6.875447870070012790e-01,3.963630080985571652e-02,-5.000452658201452572e+00,-1.308639025571475475e-02,-6.074290811210742991e-01,-6.195937151462689065e-03,4.007173029727337799e-01,2.628057483890382023e-04,3.154886176765845929e-01,5.704671673477124116e-01,4.320076208748676173e-04,3.153566502460531384e-01
-7.394242208564548946e+00,-6.752256117045328798e-01,3.760312942986514945e-02,-5.036591308201288975e+00,-1.232174931922066889e-02,-6.068782365589500127e-01,-5.841359025397539935e-03,3.993254513163841390e-01,2.646165755989553421e-04,3.153000236363310838e-01,5.690753201170427600e-01,4.326572364941840194e-04,3.151723345783496999e-01
-7.612676694836428837e+00,-6.688380883360474094e-01,4.913370006367225040e-02,-5.147687412301635845e+00,-1.610072042102812448e-02,-6.124500796954706061e-01,-7.761874785998519946e-03,3.981297243548692633e-01,2.637023767346852133e-04,3.151184450347288557e-01,5.678795898488110394e-01,4.312528402481232738e-04,3.149858115893676702e-01
-7.824710545499057979e+00,-6.312668944492680900e-01,4.827683797991087072e-02,-5.248297244538479234e+00,-1.582868451166173987e-02,-6.097966824570717481e-01,-7.872124717557989898e-03,3.969683641766569293e-01,2.624397252417929975e-04,3.149432815120827289e-01,5.667182327974856770e-01,4.286306109253765250e-04,3.148129595994447194e-01
-8.041610629789127884e+00,-6.159954110980055964e-01,4.655243916194078124e-02,-5.353840674942457412e+00,-1.528687506907860580e-02,-6.114388690863226117e-01,-6.562242917508119208e-03,3.957819993440833684e-01,2.614468557480831030e-04,3.147594350222641113e-01,5.655318636371621244e-01,4.287635499757989801e-04,3.146249820368687278e-01
-8.254179654240601849e+00,-5.908833906903968591e-01,5.633025617528474721e-02,-5.335461075963570998e+00,-1.864875371445675820e-02,-6.024533546334659428e-01,-7.068607459544596142e-03,3.946168595255318268e-01,2.607965041719866451e-04,3.145945526358167044e-01,5.643667252435701220e-01,4.281959355290182153e-04,3.144620153265826890e-01
-8.513748730455469982e+00,-5.900107218378325413e-01,6.440772338726753754e-02,-5.295563570348761573e+00,-2.087655128685757949e-02,-5.999158698747601992e-01,-8.575796452756096616e-03,3.932321564220196408e-01,2.612040826584015687e-04,3.143914015107546200e-01,5.629454410322407565e-01,4.296669522960685963e-04,3.142529227181670715e-01
-8.727870628338227021e+00,-5.727189319077570229e-01,7.377857715195861033e-02,-5.294177709205659887e+00,-2.402307318714253653e-02,-5.940400617737529032e-01,-1.007789728447014074e-02,3.920247880181723099e-01,2.633230996024877560e-04,3.142038722885768243e-01,5.617746498857693060e-01,4.331005808993348299e-04,3.140694418656808651e-01
-8.944044617793593943e+00,-5.665987520931121679e-01,7.863067458671345322e-02,-5.312242186883350037e+00,-2.578406936385143483e-02,-5.936563469506747071e-01,-1.083002663109227347e-02,3.908428192831360781e-01,2.663691231211463861e-04,3.140154339166362218e-01,5.605926826241454108e-01,4.378464339699296350e-04,3.138850834638342024e-01
-9.157555108986002779e+00,-5.523947769363823923e-01,6.704725391241760091e-02,-5.333024030603789711e+00,-2.219798248774915508e-02,-5.896735685455609666e-01,-8.932080564104789150e-03,3.896757609236353725e-01,2.663748419281815175e-04,3.138320072926921167e-01,5.594256242399301415e-01,4.377563496607038483e-04,3.137014987566336677e-01
-9.372996718820077788e+00,-5.506664544206817391e-01,7.952570221091202762e-02,-5.277569873659058608e+00,-2.606409315272759097e-02,-5.844832639564102594e-01,-1.039184777148127389e-02,3.884989392770206718e-01,2.641512800663243111e-04,3.136399892432096270e-01,5.582488060200164748e-01,4.337557289534442343e-04,3.135116340091595455e-01
-9.587195313554905951e+00,-5.278861167241483132e-01,8.146916081562620426e-02,-5.259358150797041276e+00,-2.668060212458691488e-02,-5.762493300837854271e-01,-9.988088587828449980e-03,3.873100975518196654e-01,2.615257885739504700e-04,3.134388235580876092e-01,5.570808366173282122e-01,4.285119038720683012e-04,3.133101058648637416e-01
-9.842815039186154635e+00,-5.144338022468555316e-01,9.711699708730042735e-02,-5.357052158698960120e+00,-3.200551513795062836e-02,-5.794815408456085448e-01,-1.223197615842953022e-02,3.859374382048584851e-01,2.608113146867964850e-04,3.132016717348460877e-01,5.556873058729516757e-01,4.262089345833719239e-04,3.130691187562090749e-01
-1.006135981950057001e+01,-5.194966304499174514e-01,9.012079191848056114e-02,-5.336070790287378074e+00,-2.935411187983983511e-02,-5.795134241899583261e-01,-1.129929026640779342e-02,3.847471077338449619e-01,2.597488533817000705e-04,3.129896556049714396e-01,5.544969763521758743e-01,4.243459100669552978e-04,3.128573231891108031e-01
-1.027339694872182640e+01,-5.087262095210962620e-01,8.768960380226141493e-02,-5.268815962959460641e+00,-2.882085778234794865e-02,-5.708826239350881515e-01,-1.022897621403314784e-02,3.835935050192171847e-01,2.609713283511228541e-04,3.127827131800155480e-01,5.533433677534330686e-01,4.271919105329673801e-04,3.126449727251011668e-01
-1.049007439119710838e+01,-4.604110694047252039e-01,9.044434400428132126e-02,-5.236727644847910312e+00,-2.955057101049325327e-02,-5.519618429621258038e-01,-1.091920399109640345e-02,3.824135051472044022e-01,2.654497228951582430e-04,3.125686740761450255e-01,5.521633681732565080e-01,4.352312503215821009e-04,3.124357196873026044e-01
-1.070936660939189267e+01,-4.341480301434597067e-01,7.292615877006546066e-02,-6.062061717034785246e+00,-2.423235568643611684e-02,-6.080438018659057864e-01,-8.215957119659269767e-03,3.812653344256600740e-01,2.659768302661090272e-04,3.121573083765924461e-01,5.510151325298068281e-01,4.363769922617853625e-04,3.119585437262669125e-01
-1.096574309017994864e+01,-4.567074889473081711e-01,9.059603678886329892e-02,-5.264568337403118470e+00,-2.985962677362686418e-02,-5.516922594280948555e-01,-1.053831370436562886e-02,3.798307946853577421e-01,2.641593817028138093e-04,3.120905039977175388e-01,5.495806370527779317e-01,4.346932014369721308e-04,3.119341887636523092e-01
-1.118897452322718067e+01,-4.377141562534847541e-01,7.466996182034750518e-02,-7.075726130495303856e+00,-2.474360037964909789e-02,-6.883129236649765392e-01,-7.720791151993620233e-03,3.786846448763320216e-01,2.632312364318581963e-04,3.115841833507227987e-01,5.484343812247878258e-01,4.332606578480600792e-04,3.113380134387005449e-01
-1.140327074951644271e+01,-4.009022544011507927e-01,6.577204396445075762e-02,-5.525192238453653815e+00,-2.152418078039379859e-02,-5.541785162452103064e-01,-6.756743885831164448e-03,3.774808813815714315e-01,2.619105194242984588e-04,3.115550768616026645e-01,5.472306576576358994e-01,4.317360108345812803e-04,3.113380203515236366e-01
-1.161279171993622406e+01,-4.088446398149833128e-01,6.157321809408495411e-02,-5.901967315185182805e+00,-2.026758753418034936e-02,-5.872077577562719863e-01,-6.508413192068437762e-03,3.763269707406050046e-01,2.611961442062924669e-04,3.113924173834399789e-01,5.460767865880897798e-01,4.298914477200656194e-04,3.112078594262092102e-01
-1.184244622717737982e+01,-3.995824089891543140e-01,5.604279483113903254e-02,-6.354168155935118634e+00,-1.916432159682807113e-02,-6.179382821705300399e-01,-6.822610156899206087e-03,3.751541809836829722e-01,2.625466141510191063e-04,3.108852602199950743e-01,5.449038351613694209e-01,4.310519677484523412e-04,3.105869105901462590e-01
-1.208688303112405293e+01,-3.761609534617730288e-01,8.696819973841726781e-02,-4.921738910117390731e+00,-2.910448527464129867e-02,-4.994776543897023746e-01,-1.002287717498039077e-02,3.737447054428907900e-01,2.645025144572136014e-04,3.109425123301072236e-01,5.434945213931074992e-01,4.312585472380241116e-04,3.107562939283511350e-01
-1.231862824811508617e+01,-3.342709235321916772e-01,6.524808856696188986e-02,-7.477588875516041789e+00,-2.205422439133417761e-02,-6.830718116474965296e-01,-7.394515179025244224e-03,3.726033474986464866e-01,2.641394571757738410e-04,3.102846721815541442e-01,5.423529097894592699e-01,4.306443003624766362e-04,3.099369967371119472e-01
-1.252209110594492714e+01,-3.525557642404015812e-01,7.810262865706063540e-02,-4.716411745180717041e+00,-2.568122056799732392e-02,-4.749180716230069210e-01,-8.051671533405479336e-03,3.713897358462231457e-01,2.630441267633583120e-04,3.104851286588186654e-01,5.411395077742304771e-01,4.299272331969591172e-04,3.102624620509598641e-01
-1.274577384492002352e+01,-3.336948875531426939e-01,7.481416308567499784e-02,-6.826001669657388859e+00,-2.598483136259612317e-02,-6.328671090083135553e-01,-9.122277322156743806e-03,3.702599028270118220e-01,2.608843173592855164e-04,3.099324169385676564e-01,5.400095444206407524e-01,4.271717063709382567e-04,3.096257781628947714e-01
-1.296054755446515827e+01,-3.171630206860753809e-01,6.898873265627837592e-02,-5.191347602113539850e+00,-2.317774364344770202e-02,-4.990277670315932390e-01,-8.216473589915904499e-03,3.690659831243651712e-01,2.607771644928520249e-04,3.098313848252674529e-01,5.388156460907819190e-01,4.286083972063316010e-04,3.095376920176279301e-01
-1.321971891870445504e+01,-2.968906296901718811e-01,6.289343755148681103e-02,-6.025902643494992716e+00,-2.151529402147222408e-02,-5.574359227395645489e-01,-8.415864328422825724e-03,3.676840869437945636e-01,2.620205351904746354e-04,3.094511106600638106e-01,5.374337429667193078e-01,4.321007067450078265e-04,3.091547108726731552e-01
-1.344858653953593830e+01,-2.850479798779685936e-01,4.305527497982485768e-02,-7.180043306291732819e+00,-1.511736532453951572e-02,-6.419614661565835600e-01,-5.430412561205662583e-03,3.665069245768754480e-01,2.641459393351186123e-04,3.090232602490314839e-01,5.362563752787291582e-01,4.344172210176864505e-04,3.086264049736961446e-01
-1.364253617289803522e+01,-2.703043609109322398e-01,5.236228345014103114e-02,-4.491458656698681828e+00,-1.806687373099223615e-02,-4.300983301485444832e-01,-6.976746743808340256e-03,3.653345567715967634e-01,2.668799993921496883e-04,3.092072828071990576e-01,5.350842844778616048e-01,4.388230895391304195e-04,3.089565255089328222e-01
-1.387125687821874465e+01,-2.507128562145914952e-01,3.923951275382913523e-02,-6.258806490962210312e+00,-1.372303548092925277e-02,-5.589137808888101633e-01,-4.947437526663404569e-03,3.641836330884749007e-01,2.649416434276533712e-04,3.086547797410791882e-01,5.339332185242912088e-01,4.352004057302267669e-04,3.083204799918697336e-01
-1.409236394792364777e+01,-2.490524124410533613e-01,3.475804688658422348e-02,-6.699907111112976210e+00,-1.268415038334812055e-02,-5.914796525081524869e-01,-5.700385969929219927e-03,3.630270273157431005e-01,2.633769734218356032e-04,3.082961943483637501e-01,5.327764921990389979e-01,4.328326991383646795e-04,3.079050976957145580e-01
-1.435859834393253109e+01,-2.519736650671404732e-01,1.010636372540594900e-02,-6.623849674601950177e+00,-4.457444029405618208e-03,-5.855872284520268201e-01,-3.468108310712329258e-03,3.616667765466306528e-01,2.605749723067984588e-04,3.079866201949456594e-01,5.313510735288614617e-01,4.260377050180464255e-04,3.075472622811091794e-01
-1.457091154421765822e+01,-2.206369364909872566e-01,8.193173127710055847e-03,-6.186357665011758655e+00,-4.092985485480642172e-03,-5.415318805759090637e-01,-4.087802421160930538e-03,3.604452529596705590e-01,2.594478953430193408e-04,3.077624170148712257e-01,5.301946560663439723e-01,4.236455303320459109e-04,3.073432701853164861e-01
-1.478568727995863696e+01,-2.184792465288123431e-01,-6.146940093128136322e-03,-5.741167799396110105e+00,7.121422946671659114e-04,-5.050253850137461642e-01,-2.281919977533768649e-03,3.592756654217067469e-01,2.598416350966344839e-04,3.075376404159538835e-01,5.290251041450148017e-01,4.246354912267785221e-04,3.071334175728546168e-01
-1.499738811174933062e+01,-1.770812322861312627e-01,2.191076197572868964e-02,-5.527158432803133792e+00,-8.585735332502373446e-03,-4.749851496821213548e-01,-6.111116797521821790e-03,3.581259812228921313e-01,2.639999390994385710e-04,3.072953888481784190e-01,5.278754639392139181e-01,4.323722344379361728e-04,3.069116333122163254e-01
-1.521249802583435518e+01,-1.650458244323140811e-01,1.796210882777210180e-02,-5.410675581055512495e+00,-7.451103427842577058e-03,-4.619174771399592316e-01,-5.275067665501884974e-03,3.569686206403595019e-01,2.661471823741715353e-04,3.070204488590452807e-01,5.267181125793781726e-01,4.371596998897572675e-04,3.066419767148576558e-01
-1.542699027403214274e+01,-1.468177250996720584e-01,7.903721723496919330e-03,-5.172919061579340116e+00,-4.234679882969559321e-03,-4.375812330866151179e-01,-4.908260432896781149e-03,3.558171619497489391e-01,2.653919852502978176e-04,3.067314656805066875e-01,5.255666744675060453e-01,4.364684546984286717e-04,3.063623683688823651e-01
-1.568048237152338054e+01,-1.287305148957380574e-01,-2.337840957756819483e-03,-5.000143167627980390e+00,-7.463610390389759010e-04,-4.186915832534123805e-01,-3.588704763787156637e-03,3.544601230728179897e-01,2.636598893120676895e-04,3.063728801246320410e-01,5.242096638839579548e-01,4.344094769387941979e-04,3.060168759316261866e-01
-1.589639615208647427e+01,-1.553741222007680722e-01,-1.573524805645157634e-02,-4.858784784549031066e+00,3.371528906263976562e-03,-4.168867182460417320e-01,-2.855121791330694943e-03,3.533086184655507833e-01,2.617086254008493080e-04,3.060491955024561284e-01,5.230581873389718028e-01,4.307468643352731393e-04,3.057059851274432916e-01
-1.611006743312739786e+01,-1.307304641768505249e-01,-2.556556276569505598e-02,-4.989873458859301003e+00,6.215114112967398338e-03,-4.169451471050245051e-01,-2.569025122246525791e-03,3.521786685112167081e-01,2.608887019815662187e-04,3.057141917705159528e-01,5.219282227856492096e-01,4.287465141269394039e-04,3.053632681514674152e-01
-1.632683120177442504e+01,-9.894465195662593970e-02,-4.163745230319247648e-02,-5.015960263045148970e+00,1.187596909212275745e-02,-4.091336533181222368e-01,-8.107848685276051364e-04,3.510307102983082905e-01,2.621063341620536195e-04,3.053699003459603434e-01,5.207802712400890766e-01,4.304972652003634685e-04,3.050224747179940410e-01
-1.653728770544348237e+01,-8.712482427005596719e-02,-5.316293804223912872e-02,-4.897793710023015556e+00,1.545994048151314026e-02,-3.954614167685389647e-01,1.242798491222128331e-03,3.499108561398013850e-01,2.647753471490657583e-04,3.050427761820883599e-01,5.196604486824830671e-01,4.329565917874199235e-04,3.047110433641040950e-01
-1.679709772487634112e+01,-8.513597381256321484e-02,-6.746812508388122520e-02,-4.964916395377126257e+00,2.032780665346796412e-02,-4.000361742128863973e-01,2.188761375082601268e-03,3.485378903200624379e-01,2.639437528878232561e-04,3.046231428344268188e-01,5.182874887403164932e-01,4.298345498972126495e-04,3.042932695163045875e-01
-1.700991045680369496e+01,-6.386222471252689381e-02,-8.239656569042996814e-02,-4.943346459667386839e+00,2.525691360267441968e-02,-3.903604001158231807e-01,3.550870682739143240e-03,3.474134342944940057e-01,2.624467336130066608e-04,3.042763496101239529e-01,5.171630408617705621e-01,4.292363299852503282e-04,3.039511550755412683e-01
-1.722907176637650295e+01,-5.121271079616240840e-02,-8.728986612002463674e-02,-4.991889697131876247e+00,2.648357982281880976e-02,-3.890626119249591675e-01,3.124510910289029532e-03,3.462624970933988466e-01,2.612163231778716582e-04,3.039061924175999185e-01,5.160120915532070418e-01,4.290431542225886302e-04,3.035752620843812366e-01
-1.744030962993867107e+01,-4.095466456004470679e-02,-1.067970598733113397e-01,-4.985219637122757952e+00,3.299253841804170029e-02,-3.845319342686015496e-01,4.665714265412113787e-03,3.451470744734201901e-01,2.615615549533240156e-04,3.035551711487409765e-01,5.148966876766803979e-01,4.299834138446599228e-04,3.032343107102078439e-01
-1.765727254212338337e+01,-3.398964317568275995e-02,-1.076380001242849549e-01,-5.002506939907277683e+00,3.270532233354966206e-02,-3.820725307976349239e-01,3.771043599775558610e-03,3.440074010550595585e-01,2.621553750355966263e-04,3.031856310946837718e-01,5.137570131695887721e-01,4.313068674712414391e-04,3.028645785452723227e-01
-1.791299886578299194e+01,-2.051458165955977186e-02,-1.203658189048660981e-01,-5.022993141919463334e+00,3.725873600776663519e-02,-3.794573839281933925e-01,5.084998620464090124e-03,3.426614452139791211e-01,2.653148288528431320e-04,3.027487904474140401e-01,5.124110748010903826e-01,4.365523504265665525e-04,3.024382542181806022e-01
-1.812980556243529051e+01,2.638857635317037875e-02,-1.243706682898501892e-01,-5.108933103482255156e+00,3.831675675692521738e-02,-3.681031276032803445e-01,5.297698897927811089e-03,3.415277243167141874e-01,2.666963424811870419e-04,3.023699855816702753e-01,5.112773416103614244e-01,4.390658217350160630e-04,3.020534142265645650e-01
-1.834264595246753515e+01,1.759826834725686240e-02,-1.396754791539843166e-01,-5.139172131950881628e+00,4.333644011651099914e-02,-3.730982380723207870e-01,6.617231868311018901e-03,3.404090309292339689e-01,2.652688934298089033e-04,3.019976406859668505e-01,5.101586741383666856e-01,4.361673177901017966e-04,3.016944508102754607e-01
-1.855801936607276303e+01,3.475213603039239985e-02,-1.510445511466110557e-01,-5.150492981031870698e+00,4.689395573450739346e-02,-3.687060178700298785e-01,6.810246146344588192e-03,3.392828239096683518e-01,2.622303327957318511e-04,3.016153601584063981e-01,5.090324718000668325e-01,4.303684917661034621e-04,3.013132498388061964e-01
-1.877101566552303780e+01,3.732148245231448058e-02,-1.677700783209772617e-01,-5.155637319762280235e+00,5.224937049917639104e-02,-3.669515966409713226e-01,7.666101272096519613e-03,3.381690943221631329e-01,2.604171792406468310e-04,3.012344176844281018e-01,5.079187521714896292e-01,4.261561118859272983e-04,3.009366079419176776e-01
-1.862061177520865130e+01,3.345234204638258824e-02,-2.252026749550706808e-01,-4.297514885767887982e+00,7.233123267312197013e-02,-3.066959091518076663e-01,1.294983172823703683e-02,3.389224156846168401e-01,2.638849609943940701e-04,3.012530410448628349e-01,5.086723233555544565e-01,4.330408559614737796e-04,3.013053095002252713e-01
-1.840642175371528566e+01,2.694986068696003656e-03,-2.359269995878124915e-01,-4.443142668190214195e+00,7.584227045537204892e-02,-3.283368568262498011e-01,1.371681433065346373e-02,3.400505728555953122e-01,2.641369412489033563e-04,3.016088074102746264e-01,5.098004812342739056e-01,4.329738154205941278e-04,3.016597930958021534e-01
-1.818894465456055798e+01,1.256019473732505887e-02,-2.467689795504675598e-01,-4.437118764910395363e+00,7.954825782649288524e-02,-3.243592279595139960e-01,1.424866535505810682e-02,3.411920888420627573e-01,2.635834660465620331e-04,3.019785374711412840e-01,5.109419970559465618e-01,4.316967959263541977e-04,3.020323824923513700e-01
-1.797556980739929244e+01,-2.063718254384250272e-02,-2.541731883397881364e-01,-4.420097523156885089e+00,8.237559757174668651e-02,-3.363646500144086282e-01,1.543332362058465017e-02,3.423145586085810654e-01,2.643638979677745632e-04,3.023350209462558058e-01,5.120644664237685717e-01,4.324269577973904139e-04,3.023902617219537126e-01
-1.775584276826451813e+01,-1.474079540218342643e-02,-2.684982092135538290e-01,-4.276955653898904863e+00,8.750314142632163728e-02,-3.230013305601058260e-01,1.724944291487645262e-02,3.434658036968361028e-01,2.643479345599990043e-04,3.027097850114195965e-01,5.132157086349777853e-01,4.319560274989812237e-04,3.027744458114274284e-01
-1.749821943172217331e+01,-3.365615455241477427e-02,-2.483154856365825114e-01,-4.308077106474841322e+00,8.017527602056712110e-02,-3.325688966337437824e-01,1.456008237094293632e-02,3.448247944284086874e-01,2.633623978237935510e-04,3.031283949547851631e-01,5.145746990458900383e-01,4.304432727304184072e-04,3.031952256155571734e-01
-1.728132674884719222e+01,-6.163826211240541753e-02,-2.550892274695085171e-01,-4.319930856153158416e+00,8.278639597074248513e-02,-3.440084063904882417e-01,1.615677792671030982e-02,3.459688858231035335e-01,2.634226176964141728e-04,3.034806555780397708e-01,5.157187886541789723e-01,4.313012280905693637e-04,3.035499781036920530e-01
-1.706635301964614371e+01,-5.893072495605111705e-02,-2.569075386759420709e-01,-4.241695593465259151e+00,8.372096100322221068e-02,-3.363454885117119764e-01,1.681804941901244091e-02,3.471043562207145605e-01,2.642919768299240176e-04,3.038203759475398558e-01,5.168542547714536362e-01,4.333698481924199092e-04,3.038968918753169324e-01
-1.684931589853218625e+01,-6.173730994609116784e-02,-2.594609549846812468e-01,-4.315528243292230393e+00,8.421730933847859646e-02,-3.435224341554624639e-01,1.653264120542571880e-02,3.482508339602180536e-01,2.643359061616949788e-04,3.041629170885097877e-01,5.180007280292123761e-01,4.342054820806280288e-04,3.042472254055823555e-01
-1.663542902385598410e+01,-8.193897045544384916e-02,-2.616095472174776448e-01,-4.378847879571998725e+00,8.523147183126150717e-02,-3.561078791137637367e-01,1.658992452677095220e-02,3.493894496754556545e-01,2.651041972480316575e-04,3.044835630345648636e-01,5.191393466631232245e-01,4.349166129970305039e-04,3.045618983374749900e-01
-1.637783829423512572e+01,-1.038568400029595828e-01,-2.701493052759087465e-01,-4.400472501116887258e+00,8.738661612445638993e-02,-3.648612986712932438e-01,1.801015716201583364e-02,3.507543779726996491e-01,2.649139844191319071e-04,3.048772193627097282e-01,5.205042716751638876e-01,4.341209764236497498e-04,3.049635732619142003e-01
-1.615888422050954532e+01,-1.086351770783644533e-01,-2.759458808388642326e-01,-4.419591413884174536e+00,8.891638992404848896e-02,-3.679688283769068091e-01,1.807687209612792584e-02,3.519128488396277010e-01,2.642981743688622271e-04,3.052148281869023205e-01,5.216627374536203510e-01,4.327753741638440486e-04,3.053119413693042294e-01
-1.594539109327421933e+01,-1.134950516527351017e-01,-2.730288602048245306e-01,-4.574635301925998654e+00,8.837807630782767987e-02,-3.814407444701992667e-01,1.803668107527868145e-02,3.530505968235511105e-01,2.642182185359070188e-04,3.055306415214611993e-01,5.228004890428135099e-01,4.322339996135068441e-04,3.056220868387039546e-01
-1.572983034579648631e+01,-1.517114696028849519e-01,-2.809580255053998887e-01,-4.608932080707273116e+00,9.087971551986456786e-02,-3.976384547825794202e-01,1.875852303972350837e-02,3.541991048902883299e-01,2.638591655622595628e-04,3.058501933178587873e-01,5.239490004748009744e-01,4.312781038369851256e-04,3.059363324269932516e-01
-1.551519993266959752e+01,-1.555832298393418078e-01,-2.850154826024230426e-01,-4.540887885155970416e+00,9.217749539727172758e-02,-3.934515900273747313e-01,1.904160521724291080e-02,3.553360403942054657e-01,2.632044755403613844e-04,3.061753862300622409e-01,5.250859293816383389e-01,4.298945089654744763e-04,3.062749009871609807e-01
-1.525274307263557638e+01,-1.609906074701468182e-01,-2.815325512291140253e-01,-4.576580528740360698e+00,9.084309420027317228e-02,-3.990348183819721894e-01,1.833648193458238887e-02,3.566269553763085631e-01,2.638452658944263961e-04,3.065380245619796495e-01,5.264801502881021333e-01,4.316360036656771899e-04,3.066751659887694270e-01
-1.504119456388106535e+01,-1.735461624987119089e-01,-2.959047348521956500e-01,-4.588253465554672950e+00,9.559236566465999230e-02,-4.039973554710361014e-01,2.007323118172952420e-02,3.578615589872184422e-01,2.645118653175310510e-04,3.068714127819781590e-01,5.276114457340389530e-01,4.345109726805642791e-04,3.069691355792450449e-01
-1.482244692976887279e+01,-1.819787458640917954e-01,-2.924127296550095290e-01,-4.582094507529701488e+00,9.436822104183634208e-02,-4.053391551701513995e-01,1.977382625005476638e-02,3.590263103797096678e-01,2.641307030211203295e-04,3.071898730816748357e-01,5.287761940847603981e-01,4.335275610963716338e-04,3.072937327282987963e-01
-1.461046094451177702e+01,-2.015398579565790271e-01,-2.931897298827477738e-01,-4.532297876233054801e+00,9.456419631047545404e-02,-4.100832370342719635e-01,1.935570699291203761e-02,3.601575149991730340e-01,2.645768687813383020e-04,3.074890189544358665e-01,5.299073948510855114e-01,4.337773248562119084e-04,3.075992979959751850e-01
-1.439199669583775432e+01,-2.137940703521507002e-01,-2.889586834095921875e-01,-4.499777231594590532e+00,9.335923020505018655e-02,-4.116435130016764532e-01,1.888214740921049378e-02,3.613234139058053018e-01,2.645338631967168058e-04,3.078026412866517458e-01,5.310732918833566130e-01,4.344960550372015573e-04,3.079146210161161634e-01
-1.417636522472338001e+01,-2.235644977637252229e-01,-2.893600704204824514e-01,-4.493685808657774672e+00,9.324866447069475595e-02,-4.140679348908351542e-01,1.902113243117947716e-02,3.624770935208561085e-01,2.632022044995199978e-04,3.080977376650004818e-01,5.322269703608745184e-01,4.309288260935530655e-04,3.082147016722873167e-01
-1.391804608498083873e+01,-2.433425348421177636e-01,-2.992713334379596413e-01,-4.445942287712190577e+00,9.638756681213205002e-02,-4.177575256112873170e-01,2.022855969049517158e-02,3.638620733656431350e-01,2.629326578976388831e-04,3.084400000705590505e-01,5.336119466842629278e-01,4.300456482163713063e-04,3.085628070777676202e-01
-1.370238268351706346e+01,-2.600778292825502991e-01,-3.131079752439829833e-01,-4.383243761993033338e+00,1.012414431763634798e-01,-4.185095364497047887e-01,2.313857051727220143e-02,3.650172835085048195e-01,2.636657685313239250e-04,3.087303948564097400e-01,5.347671526178036094e-01,4.307150034238111736e-04,3.088589714057647373e-01
-1.348880826810132305e+01,-2.598683560835065576e-01,-2.983737908112478188e-01,-4.291256268896180615e+00,9.604803104273974823e-02,-4.109967851395155414e-01,2.050224804851068922e-02,3.661656883271265372e-01,2.638672068652886653e-04,3.090033077663907890e-01,5.359155551343597335e-01,4.318078017145216821e-04,3.091337488765849573e-01
-1.327023179941194542e+01,-2.812853624377253947e-01,-3.065932203003277068e-01,-4.334203288520425801e+00,9.895605860899982231e-02,-4.226503612117392672e-01,2.296679801605333929e-02,3.673414649995550563e-01,2.634451358160961178e-04,3.092766257241931771e-01,5.370913273804259758e-01,4.307822317061817986e-04,3.094134466721434329e-01
-1.305343894994756582e+01,-3.141090857306788608e-01,-3.077235603345466197e-01,-4.303726510967199381e+00,9.925755532687070837e-02,-4.297684042036948870e-01,2.300816861638254815e-02,3.685088669602578637e-01,2.633495625829618942e-04,3.095465112167827826e-01,5.382587264707801022e-01,4.314372237457438390e-04,3.096859482854068535e-01
-1.279628411856389647e+01,-3.189289698053592303e-01,-2.983404088671227083e-01,-4.333209967150378539e+00,9.597420126789873995e-02,-4.346318758843906727e-01,2.128177881036207725e-02,3.698970039281756494e-01,2.636731991553979779e-04,3.098520353252047776e-01,5.396468604114295076e-01,4.326300422830301417e-04,3.099940828519450742e-01
-1.258289679657433524e+01,-3.441431481519287017e-01,-2.995302246374409449e-01,-4.294855783283058948e+00,9.618888181810758553e-02,-4.400103028675632633e-01,2.136086384369152366e-02,3.710482378378912593e-01,2.643869148795998389e-04,3.101023845696325165e-01,5.407980866412365195e-01,4.332770027656287961e-04,3.102534056926614658e-01
-1.236551782595366866e+01,-3.485584043427758516e-01,-3.102165287046548259e-01,-4.355598968516400049e+00,9.930864792684300502e-02,-4.470482862899314291e-01,2.192186029702942671e-02,3.722264633396770162e-01,2.651165010568102198e-04,3.103454979686880999e-01,5.419763166615104710e-01,4.339362414876943167e-04,3.104914332666758869e-01
-1.215276724890894400e+01,-3.438427070464737945e-01,-3.149972246571560164e-01,-4.344209473998605020e+00,1.011249123865480132e-01,-4.446799558634013660e-01,2.273279537178726772e-02,3.733767734108067726e-01,2.649416860900999176e-04,3.105881651506375296e-01,5.431266232739890842e-01,4.332902024743335440e-04,3.107385985382097870e-01
-1.193504468871872781e+01,-3.914413216753787061e-01,-3.152098525971839260e-01,-4.317978872479407038e+00,1.008948263571999293e-01,-4.582212551327458083e-01,2.266706192727171998e-02,3.745542345490315284e-01,2.618104273607586136e-04,3.108337097772562729e-01,5.443040800916018052e-01,4.283413669766141874e-04,3.109908903092357124e-01
-1.167744214456977225e+01,-4.116808944160980088e-01,-3.127031015649441859e-01,-4.369170467124169122e+00,1.000696255558048142e-01,-4.686202182447639641e-01,2.241159151686447984e-02,3.759506668642554894e-01,2.626883910925449758e-04,3.111181383954342849e-01,5.457005132329153518e-01,4.303445534082036335e-04,3.112732165294556652e-01
-1.146101450074010764e+01,-4.143588363301998201e-01,-3.165379698261623354e-01,-4.342711744479434977e+00,1.012497703050198039e-01,-4.666803818021725281e-01,2.383153204929220129e-02,3.771238818039585050e-01,2.637739439567268274e-04,3.113480882895404700e-01,5.468737199042720265e-01,4.322460552815217730e-04,3.115111283612801985e-01
-1.125675230928395543e+01,-4.058006617896354751e-01,-3.258900470390995729e-01,-6.168095524364827220e+00,1.032784664131790042e-01,-6.057471878760702921e-01,2.239678861143293981e-02,3.782932806551659310e-01,2.647321183920668198e-04,3.113260708572271329e-01,5.480431820024521672e-01,4.337255821388694838e-04,3.113963118403766939e-01
-1.103984923178883726e+01,-4.269253579704812562e-01,-3.152477895799279950e-01,-5.088357638003986771e+00,1.002591561933038750e-01,-5.291261533199861367e-01,2.093056448743254097e-02,3.794435722146042855e-01,2.657960969199295483e-04,3.116932887077061842e-01,5.491934692727066247e-01,4.355887116378010329e-04,3.117715142256244909e-01
-1.082095401602945905e+01,-4.585262010488664330e-01,-3.305880864136682695e-01,-4.293458226149902579e+00,1.054357322580518619e-01,-4.776288755943713937e-01,2.468585733254097941e-02,3.805992778791206788e-01,2.649849627082614262e-04,3.120513353636698017e-01,5.503491393446787727e-01,4.340302320668771793e-04,3.121871886697210052e-01
-1.057904440757918429e+01,-4.489304292202180857e-01,-3.695688838980111246e-01,-6.835023493027438946e+00,1.165778048557871843e-01,-6.735343324788209962e-01,2.601242613031629763e-02,3.820037664265576449e-01,2.634084247041386341e-04,3.119158779409312854e-01,5.517536833492280302e-01,4.312957606285160064e-04,3.119115664483470551e-01
-1.035494230136518468e+01,-4.538914890831667881e-01,-3.455292835611901703e-01,-4.754709209898363653e+00,1.099243678134372432e-01,-5.120569487951076582e-01,2.538517851091633137e-02,3.831481978527187526e-01,2.616496011741071062e-04,3.125024906528673374e-01,5.528981012392036876e-01,4.283673692193829051e-04,3.125732399628181057e-01
-1.014022473949938252e+01,-4.789241744720625360e-01,-3.211865173173089061e-01,-5.227186264989173381e+00,1.018726855973337564e-01,-5.576799595555561595e-01,2.251143991528816932e-02,3.843163125979965900e-01,2.629583854198472813e-04,3.126989390008805825e-01,5.540662056536963531e-01,4.310718035153302203e-04,3.127886354736846841e-01
-9.931088271711050908e+00,-4.835045859562891457e-01,-3.396801997543164586e-01,-5.618506004292833644e+00,1.076014567186069776e-01,-5.899076178367013146e-01,2.437138904081775914e-02,3.854970486473344171e-01,2.651749489636452597e-04,3.127378058690063467e-01,5.552469645971058743e-01,4.338778875348735502e-04,3.127291824073134552e-01
-9.709720317347278140e+00,-5.109387068165531787e-01,-3.315277548247985706e-01,-4.546437099872727927e+00,1.052536219635332032e-01,-5.152786315128178307e-01,2.437661479171535778e-02,3.866343256641925352e-01,2.654766640108531962e-04,3.132794754734754550e-01,5.563842123025930508e-01,4.344103516388406953e-04,3.133792134266047968e-01
-9.464886357044692389e+00,-5.233189303921268465e-01,-3.780594303028975145e-01,-6.758422132488614231e+00,1.192656627327613739e-01,-6.924435386644516299e-01,2.722630269237602540e-02,3.880006124829606384e-01,2.659794730458488665e-04,3.130641651653588431e-01,5.578108400003033429e-01,4.359154781816479678e-04,3.130065793182343348e-01
-9.238982797279165382e+00,-5.435303640685715809e-01,-3.282328290395388759e-01,-3.869202132742596500e+00,1.045378184273759725e-01,-4.744580595525099698e-01,2.450395926578854619e-02,3.891971118820801712e-01,2.642046889197845888e-04,3.137753456428575838e-01,5.589470068125976798e-01,4.329354177835887177e-04,3.138602044631580434e-01
-9.031859621217108725e+00,-5.604592832423069826e-01,-3.680029982006468581e-01,-6.281752414620512148e+00,1.160345272483928047e-01,-6.683107492596791488e-01,2.692730439390979280e-02,3.904037614811759482e-01,2.624327691967776131e-04,3.135660725997477249e-01,5.601536732709692101e-01,4.300167211732600775e-04,3.135229103881798096e-01
-8.815056747209856880e+00,-5.956646103359048983e-01,-3.447971346957760530e-01,-4.398475007509679457e+00,1.093903001677673514e-01,-5.315189267324607059e-01,2.527627598506620998e-02,3.915439000038078432e-01,2.622066366101793024e-04,3.140207136037413971e-01,5.612938169996379845e-01,4.300296982820937808e-04,3.140246287960483107e-01
-8.599419276245006571e+00,-5.908227427322720882e-01,-3.359936421858332745e-01,-5.501009387481460067e+00,1.058820569348635360e-01,-6.157296135469687570e-01,2.435751977248427555e-02,3.927382584866515591e-01,2.641330686515053791e-04,3.141079947757989821e-01,5.624881747026612144e-01,4.324180295955230326e-04,3.140968220578520542e-01
-8.395620001861653137e+00,-5.841561371546513115e-01,-3.736757161153841378e-01,-6.575229642206150693e+00,1.176331839976706428e-01,-6.977337457260576192e-01,2.754864009299278632e-02,3.938928420071287628e-01,2.647911839933334878e-04,3.140809199649377548e-01,5.636427189799801951e-01,4.329918214433500561e-04,3.139648327245630477e-01
-8.126000536054158729e+00,-5.808041621388454478e-01,-3.260444733557812946e-01,-3.961310859147527008e+00,1.031406517157797548e-01,-4.924104697567617261e-01,2.433730378728229948e-02,3.952912010447401370e-01,2.649444213791690012e-04,3.147621854639944816e-01,5.650411157385138994e-01,4.339407401516008254e-04,3.147822279385030786e-01
-7.917785765017431032e+00,-6.391736671584130614e-01,-3.715032839092638484e-01,-5.880344959199323540e+00,1.166301252001858829e-01,-6.614680472963885283e-01,2.741785075691660634e-02,3.964846743224028081e-01,2.643710277485649004e-04,3.145970222571473074e-01,5.662345757910440813e-01,4.327580462025250882e-04,3.145256275898243303e-01
-7.707093583685253435e+00,-6.503422377213620154e-01,-3.919995756463139913e-01,-6.113904517135920536e+00,1.230131556867490039e-01,-6.826141478125588025e-01,2.871955924051953699e-02,3.976511720424408258e-01,2.627491902576681825e-04,3.147189804412873215e-01,5.674010367950090838e-01,4.305438063397572538e-04,3.145857083450210867e-01
-7.493132628351755642e+00,-6.474443660968535186e-01,-3.846583892236782876e-01,-5.624394401326056503e+00,1.207419998319829157e-01,-6.433228308251153216e-01,2.839698220932121431e-02,3.988156613436141251e-01,2.624271188267535853e-04,3.149487344642555864e-01,5.685655250419918705e-01,4.308998816321048817e-04,3.148149760614512571e-01
-7.278691750818810924e+00,-6.847802645355273166e-01,-3.841371666593459966e-01,-5.371662820346940315e+00,1.207954531025585282e-01,-6.349375154040770575e-01,2.848469837119903952e-02,3.999855269707224825e-01,2.630711970106161296e-04,3.151630830470815159e-01,5.697353884297439164e-01,4.314508042648587021e-04,3.150263974556035684e-01
-7.020476548475739875e+00,-6.959032199110356531e-01,-3.860050592093131616e-01,-5.095413682279814616e+00,1.211567899481989091e-01,-6.191387289980221365e-01,2.820328936718265525e-02,4.013954164600311292e-01,2.654400305522258219e-04,3.154016163448730148e-01,5.711452866510559057e-01,4.343854719033582099e-04,3.152770066816090733e-01
-6.809522091282949496e+00,-7.160326786614341632e-01,-3.903061122720230536e-01,-5.110135146202551049e+00,1.222375995724231529e-01,-6.256569278786463517e-01,2.875959458546113387e-02,4.025536098916640548e-01,2.644898348013141436e-04,3.155539560551456346e-01,5.723034790311283260e-01,4.326761788993165872e-04,3.154269108332453664e-01
-6.592250192073586312e+00,-7.383385532109818516e-01,-4.023791244635282482e-01,-5.053003583163348189e+00,1.261338580578730828e-01,-6.287000437352160409e-01,3.024653655612315889e-02,4.037472174605383213e-01,2.657572201772141719e-04,3.157094885704183618e-01,5.734970805858002896e-01,4.352872318574091621e-04,3.155763400446864320e-01
-6.379376478163935715e+00,-7.490500922992737731e-01,-3.898554380026264532e-01,-4.903149673833972599e+00,1.221735933590520212e-01,-6.207965880189409980e-01,2.840818400393809937e-02,4.049152964306705349e-01,2.638356193407096558e-04,3.158665244035454567e-01,5.746651651634985258e-01,4.322012280286184529e-04,3.157391736695924211e-01
-6.163108363837157100e+00,-7.618720984376932126e-01,-3.922820550138444440e-01,-4.919763187227259138e+00,1.230934758947271335e-01,-6.265575114134925849e-01,2.941412928969534130e-02,4.061046865030131792e-01,2.625533045621194529e-04,3.160127497440309297e-01,5.758545518094870808e-01,4.300197392075708774e-04,3.158797706958983986e-01
-5.906368900123059262e+00,-7.675610607148901643e-01,-3.742697619226846295e-01,-4.845030170179680518e+00,1.170029662203391635e-01,-6.209068243113877728e-01,2.694687078819876097e-02,4.075159058509642551e-01,2.617427056505127695e-04,3.161889836245106444e-01,5.772657732264089292e-01,4.291512997425468755e-04,3.160585981132743583e-01
-5.691864736701194083e+00,-7.891118119718034674e-01,-3.885498284948105674e-01,-4.870766997088912476e+00,1.216011391086363747e-01,-6.300371063676222239e-01,2.831647721466157286e-02,4.086978188395061773e-01,2.649231075454277747e-04,3.163181997466681383e-01,5.784476768304742667e-01,4.344720834894315515e-04,3.161786820384046570e-01
-5.477308865492651613e+00,-7.830844872725973849e-01,-3.960456639411958912e-01,-4.796237947285908021e+00,1.239137191347309819e-01,-6.217544884792840509e-01,2.922033229324804207e-02,4.098774487857745896e-01,2.655597511048067788e-04,3.164659991901212499e-01,5.796273117761954197e-01,4.350154466524203665e-04,3.163325844207394710e-01
-5.261002425776446501e+00,-7.959898145798176561e-01,-3.991152040763346065e-01,-4.647353816740323218e+00,1.244174914433814477e-01,-6.133652824884502364e-01,2.948961430131575787e-02,4.110680578112979044e-01,2.662029368004578960e-04,3.166016387189178327e-01,5.808179267436834881e-01,4.355659383635882291e-04,3.164758865354689310e-01
-5.048219471315245954e+00,-8.253712051382733339e-01,-4.273914944857977738e-01,-4.715718013066549474e+00,1.334793740084370406e-01,-6.290766184493112867e-01,3.268705855563010243e-02,4.122424954658204244e-01,2.648771904917105726e-04,3.167086130147340195e-01,5.819923615712320197e-01,4.333408016610368102e-04,3.165779332284315850e-01
-4.788612648649416492e+00,-8.234381905178503880e-01,-4.195100336977515276e-01,-4.707363934282629003e+00,1.305744980259161414e-01,-6.262297008744750482e-01,3.192856084111431875e-02,4.136748099767816877e-01,2.630222238521414844e-04,3.168401638486869620e-01,5.834246800099902597e-01,4.302989791000704617e-04,3.167131119067616574e-01
-4.576360749886429602e+00,-8.433187192823184963e-01,-4.240357819965147601e-01,-4.734889677947618836e+00,1.318468044747692913e-01,-6.354959637949162410e-01,3.197994465325890850e-02,4.148482213768272531e-01,2.612533935130508401e-04,3.169271463669289801e-01,5.845980849031494619e-01,4.279284408614123176e-04,3.167909398193464732e-01
-4.360186762068469335e+00,-8.571168899996637336e-01,-4.285844631879576760e-01,-4.722570337296188470e+00,1.332763938623756084e-01,-6.388882627371162970e-01,3.318292039150456951e-02,4.160415916340174936e-01,2.624775848319593373e-04,3.170294240417733667e-01,5.857914582183735286e-01,4.304750504644723236e-04,3.168987663022119206e-01
-4.146058559360869644e+00,-8.378893388896059280e-01,-4.116892999551762244e-01,-3.900696143259351878e+00,1.280134198094937392e-01,-5.688911597175031476e-01,3.249770713831261898e-02,4.172141544260052903e-01,2.656872935821573021e-04,3.171713503437811332e-01,5.869640690563707741e-01,4.358462891897134503e-04,3.171767262043427849e-01
-3.931261010162149905e+00,-8.546661401328961016e-01,-3.867632482353685064e-01,-3.384765576926918929e+00,1.206238484024325375e-01,-5.333099486066424921e-01,2.931577116315543796e-02,4.183929733815784924e-01,2.663232565887847835e-04,3.172950448942899460e-01,5.881428273715212374e-01,4.364236600517410391e-04,3.174386981080844494e-01
-3.712751582691656616e+00,-8.634536958065990309e-01,-3.908700500676302592e-01,-3.696451242447250429e+00,1.213605848877897103e-01,-5.611065635743608393e-01,2.941641311364971006e-02,4.196380261558974589e-01,2.643891643417499177e-04,3.173186161767682645e-01,5.893549109479689907e-01,4.321660631021266010e-04,3.174734359773419556e-01
-3.458925439635379906e+00,-8.723757098599209669e-01,-4.252375612223817658e-01,-3.939403114572464393e+00,1.316670619685202381e-01,-5.837541464449675921e-01,3.383531713570159943e-02,4.210145613013075994e-01,2.643735049345026142e-04,3.173318772267297305e-01,5.907644176061226382e-01,4.329322528417063609e-04,3.174746092946120202e-01
-3.241082207202784726e+00,-9.171239660031731411e-01,-4.394895980989036999e-01,-4.028203108157747181e+00,1.363227268457385677e-01,-6.030996103568415645e-01,3.491336289193720799e-02,4.222224110648787887e-01,2.639973576989791335e-04,3.173684698735197429e-01,5.919722690783162378e-01,4.320581974383535108e-04,3.175097496382466300e-01
-3.029750667445869627e+00,-9.286215792224562504e-01,-4.541221077734389211e-01,-4.127969467399394965e+00,1.404770637997099225e-01,-6.132443895559699376e-01,3.579350606509223293e-02,4.233939266277151892e-01,2.619202765038215882e-04,3.173999259683349394e-01,5.931437805822520337e-01,4.288157170906189064e-04,3.175473312780813795e-01
-2.812401914027331085e+00,-9.584271362770730995e-01,-4.584843730057364120e-01,-4.185468699530457748e+00,1.419563264968294602e-01,-6.269839328856980920e-01,3.511354918694469668e-02,4.245989356635840872e-01,2.617850944685831314e-04,3.174342485633036004e-01,5.943487899874339009e-01,4.294512773651508854e-04,3.175803481284101837e-01
-2.600166919590955583e+00,-9.771028606213443268e-01,-4.851115021826994944e-01,-4.270651973974078253e+00,1.500859557863633009e-01,-6.396399690575189645e-01,3.902037529926716264e-02,4.257754312463586932e-01,2.640877573770360675e-04,3.174671694701579061e-01,5.955252816272595950e-01,4.330393571760958547e-04,3.176163372235945026e-01
-2.341350004913882010e+00,-9.788072906323945777e-01,-4.755399669321438427e-01,-4.369797068585228317e+00,1.465550732767370579e-01,-6.466271889281363094e-01,3.816543146308763734e-02,4.272104760407173796e-01,2.650560662927537890e-04,3.174996897838151533e-01,5.969603271620532725e-01,4.344503272641277603e-04,3.176475067945624398e-01
-2.127505405513006931e+00,-1.000517150756587315e+00,-4.751597283433662833e-01,-4.431076198378506525e+00,1.464459857833405598e-01,-6.584091619116053673e-01,3.753279990742491856e-02,4.283960475565943837e-01,2.656596260425473505e-04,3.175269836512135679e-01,5.981458967417669914e-01,4.349565175849585226e-04,3.176771175037357287e-01
-1.911534629453656597e+00,-1.004325023884325097e+00,-4.921688862135724096e-01,-4.424438431806370531e+00,1.514632107657504223e-01,-6.588988822905386122e-01,3.894506190924707650e-02,4.295934235133732626e-01,2.654992743146143046e-04,3.175571088073103065e-01,5.993432714801255612e-01,4.355546750038964167e-04,3.177077621350862247e-01
-1.698187201856374839e+00,-1.028726494807947978e+00,-5.115980461347927610e-01,-4.533681000661879068e+00,1.575261665027407887e-01,-6.741359478599984190e-01,4.023845207232980281e-02,4.307763248554245528e-01,2.641387456506996841e-04,3.175885292993081421e-01,6.005261761854462366e-01,4.321593414476430483e-04,3.177376685462585115e-01
